"name","address","is_in"
"宮の森霊苑","北海道札幌市中央区宮の森１２６３−３",1
"宮の森病院","北海道札幌市中央区宮の森１２３７−１",1
"宮の森幼稚園","北海道札幌市中央区宮の森９０４−７",1
"イリーゼ・宮の森","北海道札幌市中央区宮の森２条１０丁目１−４３",1
"宮の森スタジオ","北海道札幌市中央区宮の森１条１１丁目１−２",1
"恵和会宮の森病院","北海道札幌市中央区宮の森１２３７−１",1
"宮の森会館","北海道札幌市中央区宮の森２条５丁目２−２１",1
"おたからや　宮の森店","北海道札幌市中央区宮の森３条１１丁目１−５２",1
"おたからや　宮の森店","北海道札幌市中央区宮の森３条１１丁目１−５２",1
"宮の森保育園","北海道札幌市中央区宮の森２条５丁目２−２０",1
"ＪＵＪＵＢＥ　宮の森","北海道札幌市中央区宮の森３条５丁目６−２６",1
"宮の森皮膚科","北海道札幌市中央区宮の森３条７丁目１−７０",1
"宮の森中央歯科","北海道札幌市中央区宮の森２条６丁目２",1
"宮の森記念病院","北海道札幌市中央区宮の森３条７丁目５−２５",1
"宮の森フランセス教会","北海道札幌市中央区宮の森３条１０丁目３−２５",1
"宮の森ミュージアム・ガーデン","北海道札幌市中央区宮の森２条１１丁目２−１",1
"宮の森アニマルホスピタル","北海道札幌市中央区宮の森４条１０丁目３−１４",1
"ＳＡＭＡ宮の森本店","北海道札幌市中央区宮の森１条１１丁目２−１１",1
"宮の森関口整骨院","北海道札幌市中央区宮の森３条４丁目６−１８",1
"北海市場宮の森店","北海道札幌市中央区宮の森４条４丁目３−１６",1
"宮の森歯科診療所","北海道札幌市中央区宮の森１条１０丁目４−５",1
"北海道エネルギー Dr.Drive 宮の森SS","札幌市中央区宮の森3条7-1-66",1
"宮の森シュウデンタルオフィス","北海道札幌市中央区宮の森３条４丁目６−１８",1
"宮の森すまいる治療院","北海道札幌市中央区宮の森１条１１丁目２−１",1
"宮の森明和地区会館","北海道札幌市中央区宮の森２条１１丁目１−３",1
"クラ・ゼミ　宮の森校","北海道札幌市中央区宮の森１条６丁目３−４５",1
"札幌宮の森美術館","北海道札幌市中央区宮の森２条１１丁目２−１",1
"銀家　札幌宮の森本店","北海道札幌市中央区宮の森１条１１丁目３−１",1
"札幌宮の森郵便局","北海道札幌市中央区宮の森２条１０丁目３−１０",1
"宮の森三条内科クリニック","北海道札幌市中央区宮の森３条６丁目２−１０",1
"ヴィルヌーブ宮の森管理人室","北海道札幌市中央区宮の森３条９丁目１−３０",1
"あだち美容室宮の森店","北海道札幌市中央区宮の森３条８丁目１−８",1
"なの花薬局　宮の森店","北海道札幌市中央区宮の森３条７丁目５−２２",1
"宮の森ドミール管理組合　法人","北海道札幌市中央区宮の森１条５丁目１−１２",1
"トヨタレンタカー宮の森店","北海道札幌市中央区宮の森3条1丁目1-50",1
"ガーディアンカラー神宮前宮の森本校","北海道札幌市中央区宮の森１条７丁目１−１０",1
"ハイマート宮の森管理事務所","北海道札幌市中央区宮の森１条１０丁目６−１",1
"ラベンダー宮の森　管理人室","北海道札幌市中央区宮の森１条６丁目１−１５",1
"サツドラ　宮の森・３条店","北海道札幌市中央区宮の森３条２丁目５−１",1
"宮の森フランセス教会・マリアクリスティ","北海道札幌市中央区宮の森３条１０丁目３−２５",1
"文教堂書店　宮の森店","北海道札幌市中央区宮の森３条１丁目５−３５",1
"札幌市　宮の森ジャンプ競技場","北海道札幌市中央区宮の森１条１８丁目",1
"和食レストランとんでん　宮の森店","北海道札幌市中央区宮の森３条１丁目５−４３",1
"宮の森整骨院・ミーズ（ＭＩＺＵ）","北海道札幌市中央区宮の森１条５丁目１−４",1
"ケンタッキーフライドチキン宮の森店","北海道札幌市中央区宮の森２条１０丁目５−１０",1
"佐藤水産株式会社　宮の森店","北海道札幌市中央区宮の森３条１丁目５",1
"ファミリーマート　札幌宮の森中央店","北海道札幌市中央区宮の森３条１丁目５−６４",1
"ファミリーマート　札幌宮の森中央店","北海道札幌市中央区宮の森3条1-64",1
"株式会社マザーズ　札幌宮の森店","北海道札幌市中央区宮の森２条１１丁目６−１",1
"ダイハツ北海道販売株式会社　宮の森店","北海道札幌市中央区宮の森３条１丁目５−４５",1
"株式会社トヨタレンタリース札幌　宮の森店","北海道札幌市中央区宮の森３条１丁目１−５０",1
"宮の森大倉山連合町内会","北海道札幌市中央区宮の森２条１１丁目１−３",1
"札幌市立小学校　宮の森小学校","北海道札幌市中央区宮の森４条６丁目",1
"ローソン　札幌宮の森１条店","北海道札幌市中央区宮の森１条１１丁目３−１",1
"北海道エネルギー株式会社　宮の森ＳＳ","北海道札幌市中央区宮の森３条７丁目１７",1
"ギーズグリーン宮の森店生花部門","北海道札幌市中央区宮の森３条５丁目６−１９",1
"サザエ食品株式会社　宮の森本店","北海道札幌市中央区宮の森４条１丁目１−３５",1
"佐藤水産株式会社宮の森店","北海道札幌市中央区宮の森３条１丁目５−４６",1
"北海道銀行　中央区宮の森パーソナル支店","北海道札幌市中央区宮の森３条６丁目５−１",1
"公文式数国英宮の森教室","北海道札幌市中央区宮の森２条１０丁目５−１７",1
"こどもサポート教室クラ・ゼミ　宮の森校","北海道札幌市中央区宮の森１条６丁目３−４５",1
"ライオンズマンション宮の森公園南管理組合","北海道札幌市中央区宮の森３条５丁目２−２５",1
"ファミリーマート　札幌宮の森３条店","北海道札幌市中央区宮の森３条６丁目２−８",1
"札幌日産自動車株式会社　宮の森店","北海道札幌市中央区宮の森１条１丁目１−１",1
"札幌市立中学校　宮の森中学校","北海道札幌市中央区宮の森１条１６丁目",1
"株式会社道新販売センター　宮の森販売所","北海道札幌市中央区宮の森３条１０丁目３−１３",1
"株式会社道新販売センター宮の森販売所","北海道札幌市中央区宮の森３条１０丁目３−１３",1
"セブン‐イレブン　札幌宮の森４条店","北海道札幌市中央区宮の森４条４丁目３−６",1
"北海道警察本部西警察署交番宮の森","北海道札幌市中央区宮の森２条１１丁目１−１",1
"ファミリーマート　札幌宮の森３条店","北海道札幌市中央区宮の森 三条6丁目2-8",1
"ライオンズマンションＬＭ宮の森公園管理員室","北海道札幌市中央区宮の森２条２丁目３−２０",1
"国際興業株式会社外車部　宮の森営業所","北海道札幌市中央区宮の森２条１０丁目３−１８",1
"新和興産株式会社　宮の森オートガススタンド営業所","北海道札幌市中央区宮の森３条１丁目１−４",1
"札幌市役所スポーツ局施設　宮の森ジャンプ競技場","北海道札幌市中央区宮の森１条１８丁目",1
"株式会社タカノヘルスケア　茶話本舗デイサービス宮の森","北海道札幌市中央区宮の森１条１３丁目１−３８",1
"ぴよちゃんクリーニングエースランドリーグループ　エース宮の森店","北海道札幌市中央区宮の森２条５丁目２−８",1
"医療法人讃生会居宅介護支援事業所宮の森","北海道札幌市中央区宮の森３条７丁目５−２５",1
"札幌市役所　区役所中央区役所宮の森まちづくりセンター","北海道札幌市中央区宮の森２条１１丁目１−３",1
"リフレ宮の森","北海道札幌市中央区北４条西２４丁目１−１",0
"リフレ宮の森","北海道札幌市中央区北四条西24-1-1リラハイム円山",0
"リフレ宮の森","北海道札幌市中央区北４条西２４丁目１−１",0
"レクサス宮の森","北海道札幌市西区二十四軒１条７丁目２−１８",0
"イトマンフィットネス宮の森","北海道札幌市中央区北３条西２７丁目１−１",0
"宮の森スポーツ倶楽部　ゴルフスクール宮の森校","北海道札幌市中央区北３条西２７丁目１−１",0
"宮の森メンタルクリニック","北海道札幌市中央区北５条西２７丁目３−１２",0
"宮の森・よつば薬局","北海道札幌市中央区北４条西２９丁目２",0
"宮の森ファミリークリニック","北海道札幌市中央区北５条西２７丁目２−１",0
"宮の森　芸術倶楽部","北海道札幌市中央区大通西１８丁目１−１",0
"株式会社宮の森スポーツ","北海道札幌市中央区北３条西２７丁目１−１",0
"宮の森スキンケア診療室","北海道札幌市中央区北５条西２７丁目２−３",0
"まるやすマート　宮の森店","北海道札幌市中央区北５条西２５丁目１−１２",0
"キッズデュオ・札幌宮の森","北海道札幌市西区二十四軒２条７丁目１−１９",0
"ラビット札幌宮の森店","北海道札幌市西区二十四軒３条７丁目１−１９",0
"ラビット札幌宮の森店","北海道札幌市西区二十四軒３条７丁目１−１９",0
"ナカジマ薬局宮の森店","北海道札幌市中央区北５条西２７丁目２−３",0
"宮の森個別指導学院","北海道札幌市中央区北５条西２８丁目１−８",0
"ミスタードーナツ宮の森ショップ","北海道札幌市中央区北５条西２９丁目１−５",0
"宮の森矯正歯科クリニック","北海道札幌市中央区北５条西２６丁目１−７",0
"パック・ポーン　宮の森店","北海道札幌市中央区北４条西２８丁目１−１２",0
"ロイヤルホスト 宮の森店","北海道札幌市西区二十四軒1条7",0
"ホンダカーズ北海道　宮の森店","北海道札幌市西区二十四軒３条７丁目２−２１",0
"和光メンタルクリニック　札幌宮の森","北海道札幌市中央区宮ケ丘２丁目１−２",0
"幸福の科学北海道本部","北海道札幌市中央区宮の森９０４−１",1
"大乗院　国安寺","北海道札幌市中央区宮の森１２６３−３",1
"国安寺","北海道札幌市中央区宮の森１２６３−３",1
"北海道エネルギー Dr.Drive サムシング琴似SS","札幌市中央区宮の森2条1-1-7",1
"宮の森スポーツ倶楽部　ゴルフセンター","北海道札幌市中央区北３条西２７丁目１−１",0
"幸福の科学北海道正心館","北海道札幌市中央区宮の森９０４−１",1
"ハンバーグステーキノースコンチネント宮の森","北海道札幌市中央区北５条西２９丁目２−１",0
"イトマンスイミングスクール宮の森校","北海道札幌市中央区北３条西２７丁目１−１",0
"ヘアーサロングラン宮の森本店","北海道札幌市中央区北５条西２９丁目２−１",0
"ヘアーサロングラン宮の森本店","北海道札幌市中央区北５条西２９丁目２−１",0
"ヌーベルプース大倉山","北海道札幌市中央区宮の森1274 札幌オリンピックミュージアムアネックス2F",1
"宮の森珈琲山の手店","北海道札幌市西区山の手１条１２丁目６−１",0
"薬王寺","北海道札幌市中央区宮の森１２６３−３",1
"大倉山ジャンプ競技場運営本部管理事務所","北海道札幌市中央区宮の森１２７４",1
"松尾ジンギスカン　札幌宮の森店","北海道札幌市中央区北４条西２８丁目１−１５",0
"松尾ジンギスカン札幌宮の森店","北海道札幌市中央区北4条西28-1-15 スドウビル1F",0
"あおぞら　福祉タクシー","北海道札幌市中央区宮の森３条５丁目",1
"札幌市立小学校　三角山小学校","北海道札幌市中央区宮の森４条１１丁目",1
"いまいホームケア　クリニック","北海道札幌市中央区宮の森３条１丁目",1
"札幌市立小学校　大倉山小学校","北海道札幌市中央区宮の森３条１３丁目",1
"アジア航測株式会社札幌営業所","北海道札幌市中央区宮の森２条１丁目",1
"洋食屋 kitchen 楽 swing","北海道札幌市中央区宮の森1条5 宮の森スリットビル2F",1
"札幌理容協同組合","北海道札幌市中央区宮の森２条６丁目２−５",1
"のざわ歯科医院","北海道札幌市中央区宮の森１条１１丁目１−４０",1
"藤田外科整形外科","北海道札幌市中央区宮の森３条７丁目１−６８",1
"ネッツトヨタ道都株式会社　中央店営業","北海道札幌市中央区宮の森４条１丁目３−１",1
"ネッツトヨタ道都株式会社　中央店サービス","北海道札幌市中央区宮の森４条１丁目３−１",1
"調剤薬局　ツルハドラッグ宮の森３条店","北海道札幌市中央区宮の森３条６丁目２−１５",1
"グループホームゆずり葉宮の森","北海道札幌市中央区宮の森２条５丁目２−２７",1
"株式会社ＧＩＣＪａｐａｎ","北海道札幌市中央区宮の森３条１１丁目１−３４",1
"株式会社ＧＩＣＪａｐａｎ","北海道札幌市中央区宮の森３条１１丁目１−３４",1
"Ｄ‐Ｌａｘコンビニフィットネス山の手","北海道札幌市中央区宮の森３条８丁目２−３０",1
"セイコーマート　はまざき店","北海道札幌市中央区宮の森１条１５丁目４−１",1
"恵和興産株式会社","北海道札幌市中央区宮の森２条１６丁目１１−２",1
"インパクト・ジム","北海道札幌市中央区宮の森１条６丁目５−１",1
"株式会社ＧＩＣコンサルティング","北海道札幌市中央区宮の森３条１１丁目１−３４",1
"株式会社スタープロジェクト","北海道札幌市中央区宮の森２条２丁目４−１１",1
"北海道森林管理局　治山課","北海道札幌市中央区宮の森３条７丁目７０",1
"北海道森林管理局森林整備第一課","北海道札幌市中央区宮の森３条７丁目７０",1
"株式会社地球システム科学　札幌支店","北海道札幌市中央区宮の森２条２丁目４−１１",1
"どんぐり児童育成会","北海道札幌市中央区宮の森２条１３丁目７−１０",1
"プロシア管理（合同会社）","北海道札幌市中央区宮の森３条６丁目５−１０",1
"北海道動物運動器病院","北海道札幌市中央区宮の森３条１０丁目３−８",1
"わんえいと美容室","北海道札幌市中央区宮の森３条６丁目５−１０",1
"株式会社東洋コンサルタント","北海道札幌市中央区宮の森２条１丁目１−１８",1
"株式会社ジオネット","北海道札幌市中央区宮の森３条１丁目３−２",1
"てんばや","北海道札幌市中央区宮の森４条１丁目１",1
"株式会社平田地所","北海道札幌市中央区宮の森１条１３丁目３−１３",1
"北海道森林管理局石狩地域森林ふれあい推進センター","北海道札幌市中央区宮の森３条７丁目７０",1
"北海道森林管理局　石狩地域森林・ふれあい推進センター","北海道札幌市中央区宮の森３条７丁目７０",1
"介護タクシーさとほろ","北海道札幌市中央区宮の森１条６丁目１−１５",1
"前田千恵子税理士事務所","北海道札幌市中央区宮の森２条１７丁目８−５",1
"株式会社リストワールインターナショナル","北海道札幌市中央区宮の森３条４丁目３−１１",1
"土地家屋調査士原田正樹事務所","北海道札幌市中央区宮の森１条１０丁目３−４７",1
"札幌明日佳病院","北海道札幌市中央区宮の森一条17丁目1番25号",1
"札幌市役所子ども未来局　子ども育成部三角山小ミニ児童会館","北海道札幌市中央区宮の森４条１１丁目",1
"札幌聖心女子学院中学校","北海道札幌市中央区宮の森２条１６丁目１０−１",1
"あすなろセレモニー","北海道札幌市中央区宮の森１条９丁目４−１０",1
"日本森林林業振興会（一般財団法人）札幌支部","北海道札幌市中央区宮の森４条４丁目１−５",1
"株式会社ｎｉｔｄ","北海道札幌市中央区宮の森３条１３丁目５−４１",1
"レーヴラボー美容室","北海道札幌市中央区宮の森１条１０丁目３−２４",1
"ポコペロ","北海道札幌市中央区宮の森３条１１丁目１−１",1
"大倉山テラスハウス","北海道札幌市中央区宮の森２条１５丁目５−１５",1
"司法書士砂田事務所","北海道札幌市中央区宮の森２条１０丁目６−５",1
"北海道森林管理局　経理課","北海道札幌市中央区宮の森３条７丁目７０",1
"北海道森林管理局　経理課","北海道札幌市中央区宮の森３条７丁目７０",1
"佐藤水産株式会社　お客様サービスセンター","北海道札幌市中央区宮の森３条１丁目５−４６",1
"クルミルク","北海道札幌市中央区宮の森２条５丁目２−３",1
"株式会社パナマ","北海道札幌市中央区宮の森１条１１丁目１−２",1
"美容健康流通センター","北海道札幌市中央区宮の森２条２丁目４−１１",1
"北海道森林管理局　保全調整課","北海道札幌市中央区宮の森３条７丁目７０",1
"水野工業株式会社","北海道札幌市中央区宮の森２条９丁目４−３２",1
"松元配管工業株式会社","北海道札幌市中央区宮の森２条１１丁目３−１２",1
"株式会社パートナー","北海道札幌市中央区宮の森１条６丁目２−１９",1
"北海道森林管理局総務課","北海道札幌市中央区宮の森３条７丁目７０",1
"有限会社谷口商事","北海道札幌市中央区宮の森３条１３丁目４−１５",1
"札幌トヨタ自動車株式会社　琴似支店","北海道札幌市中央区宮の森３条１丁目１−４６",1
"有限会社西條広告事務所","北海道札幌市中央区宮の森１条６丁目３−４１",1
"株式会社恒友ジャーナル","北海道札幌市中央区宮の森４条１１丁目１−１",1
"株式会社サンモク","北海道札幌市中央区宮の森１条５丁目１−１２",1
"北日本リースレンタル事業部","北海道札幌市中央区宮の森１条１１丁目１−２",1
"ラッキー山の手店　衣料館","北海道札幌市中央区宮の森４条７丁目３−２０",1
"株式会社ワールド・ワンダートレーディング","北海道札幌市中央区宮の森２条１６丁目５−１０",1
"株式会社ワールドワンダートレーディング","北海道札幌市中央区宮の森２条１６丁目５−１０",1
"大向興産株式会社","北海道札幌市中央区宮の森２条１２丁目１",1
"株式会社ｎｉｃｅ","北海道札幌市中央区宮の森１条１１丁目１−２",1
"リボン・リハビリセンターみやのもり","北海道札幌市中央区宮の森１条６丁目２−１５",1
"木田紀子税理士事務所","北海道札幌市中央区宮の森１条６丁目５−１",1
"北海道いすゞ自動車株式会社　本社特販部","北海道札幌市中央区宮の森２条１丁目２−５５",1
"北海道いすゞ自動車株式会社　札幌支店営業部・業務部","北海道札幌市中央区宮の森２条１丁目２−５５",1
"株式会社アーキ・アドサイン","北海道札幌市中央区宮の森４条１２丁目９−２７",1
"フーズバラエティすぎはら","北海道札幌市中央区宮の森１条９丁目３−１３",1
"フーズバラエティすぎはら","北海道札幌市中央区宮の森１条９丁目３−１３",1
"株式会社札幌コミュニティ放送局","北海道札幌市中央区宮の森１条１１丁目３−１",1
"株式会社シーアップル","北海道札幌市中央区宮の森３条４丁目３−１１",1
"奥芝商店・おくしばぁちゃん","北海道札幌市中央区宮の森１条１０丁目７−２０",1
"株式会社白須建築事務所","北海道札幌市中央区宮の森２条９丁目４−３１",1
"株式会社メテオ電子","北海道札幌市中央区宮の森４条７丁目３−１",1
"東亜工業株式会社","北海道札幌市中央区宮の森３条１３丁目５−２４",1
"トヨタビスタ札幌労働組合","北海道札幌市中央区宮の森４条１丁目３−１",1
"ネッツトヨタ道都労働組合","北海道札幌市中央区宮の森４条１丁目３−１",1
"札幌塗装工業株式会社","北海道札幌市中央区宮の森２条９丁目１−１０",1
"札幌塗装工業株式会社","北海道札幌市中央区宮の森２条９丁目１−１０",1
"ヘアーメイクＴＡＭＯＮ","北海道札幌市中央区宮の森１条６丁目５−１",1
"富樫正一　土地　家屋調査士事務所","北海道札幌市中央区宮の森２条１７丁目１８−１７",1
"仏壇・仏具・創友舎","北海道札幌市中央区宮の森３条４丁目３−１１",1
"アルファコートＸ宮の森２","北海道札幌市中央区宮の森４条６丁目２−２０",1
"黒牛・むらい","北海道札幌市中央区宮の森２条１６丁目１２−３",1
"ツルハドラッグ　宮の森３条店","北海道札幌市中央区宮の森３条６丁目２−１５",1
"カフェジリオ","北海道札幌市中央区宮の森２条７丁目３−２６",1
"マルハ商事株式会社","北海道札幌市中央区宮の森４条６丁目２−３０",1
"札幌マルハ商事株式会社","北海道札幌市中央区宮の森４条６丁目２−３０",1
"ヘルシー　アニマルズ","北海道札幌市中央区宮の森２条１１丁目６−３２",1
"ワコーエンジニアリング株式会社","北海道札幌市中央区宮の森１条１３丁目１−１０",1
"札幌西高同窓会輔仁会","北海道札幌市中央区宮の森４条８丁目１−１",1
"輔仁会","北海道札幌市中央区宮の森４条８丁目１−１",1
"氏家建設工業株式会社","北海道札幌市中央区宮の森１条６丁目４−９",1
"札幌市役所　消防局消防署中央消防署宮の森出張所","北海道札幌市中央区宮の森２条１１丁目１−４０",1
"札幌市消防局消防署中央消防署宮の森出張所","北海道札幌市中央区宮の森２条１１丁目１−４０",1
"有限会社スカイ","北海道札幌市中央区宮の森４条１０丁目５−２２",1
"北海道いすゞ自動車株式会社　本社経理部","北海道札幌市中央区宮の森２条１丁目２−５５",1
"葬儀社ほくしん","北海道札幌市中央区宮の森２条６丁目１−３５",1
"爽時屋くぼた","北海道札幌市中央区宮の森２条１６丁目１１−２０",1
"ジョイゴルフ有限会社","北海道札幌市中央区宮の森１条１０丁目３−４７",1
"ジョイゴルフ有限会社","北海道札幌市中央区宮の森１条１０丁目３−４７",1
"北海道森林管理局企画課","北海道札幌市中央区宮の森３条７丁目７０",1
"たかだ社会保険労務士事務所","北海道札幌市中央区宮の森２条２丁目４−１１",1
"聖恩寺　札幌大黒殿","北海道札幌市中央区宮の森２条１７丁目１−２１",1
"株式会社北海道福祉事業協力会","北海道札幌市中央区宮の森２条４丁目２−１６",1
"サザエ食品株式会社　本社","北海道札幌市中央区宮の森４条１丁目１−３５",1
"バードサポートサービス株式会社","北海道札幌市中央区宮の森２条１５丁目５−１５",1
"伊那食品工業株式会社　札幌営業所","北海道札幌市中央区宮の森２条１１丁目６−２８",1
"北海道森林管理局業務調整課","北海道札幌市中央区宮の森３条７丁目７０",1
"北海道森林管理局業務調整課","北海道札幌市中央区宮の森３条７丁目７０",1
"ジュエリーブティックウィブリー","北海道札幌市中央区宮の森１条５丁目１−６",1
"マジュロ・ヘアー","北海道札幌市中央区宮の森４条６丁目２−１６",1
"北海道森林管理局緑に関する相談","北海道札幌市中央区宮の森３条７丁目７０",1
"北海道森林管理局指導普及課","北海道札幌市中央区宮の森３条７丁目７０",1
"お助け本舗・札幌中央店","北海道札幌市中央区宮の森４条４丁目１−２１",1
"就労継続支援Ｂ型事業所さわやか","北海道札幌市中央区宮の森１条６丁目１−１６",1
"株式会社アンテック","北海道札幌市中央区宮の森３条４丁目２−２３",1
"北海道森林管理局林野労組北海道地方本部","北海道札幌市中央区宮の森３条７丁目７０",1
"林野労組　北海道地方本部","北海道札幌市中央区宮の森３条７丁目７０",1
"有限会社森田耀峰写真場","北海道札幌市中央区宮の森４条３丁目２−５",1
"オリエントオリンピア産業株式会社","北海道札幌市中央区宮の森３条８丁目２−３０",1
"山の手ゴルフセンター","北海道札幌市中央区宮の森３条８丁目２−３０",1
"おか歯科クリニック","北海道札幌市中央区宮の森２条８丁目２−５",1
"鳳凰寺","北海道札幌市中央区宮の森４条１２丁目８−１",1
"赤レンガワンにゃんクリニック","北海道札幌市中央区宮の森１条１５丁目３−５",1
"美容室キング＆クィーン","北海道札幌市中央区宮の森４条２丁目４−１５",1
"ビューティーサロンアキ","北海道札幌市中央区宮の森１条１０丁目６−２１",1
"ブレインワークス","北海道札幌市中央区宮の森２条１６丁目７−１５",1
"北海道いすゞ自動車株式会社　札幌支店サービス部","北海道札幌市中央区宮の森２条１丁目２−５５",1
"プシケ","北海道札幌市中央区宮の森３条６丁目８−８",1
"花屋　さとうはなみつ","北海道札幌市中央区宮の森２条６丁目３−８",1
"長谷川商店","北海道札幌市中央区宮の森１条９丁目３−１３",1
"ボアネージュ","北海道札幌市中央区宮の森３条１３丁目５−１５",1
"青眼（特定非営利活動法人）","北海道札幌市中央区宮の森３条１丁目４−１１",1
"まいばすけっと　宮の森２条店","北海道札幌市中央区宮の森２条５丁目２−８",1
"ラジオカロスサッポロ","北海道札幌市中央区宮の森１条１１丁目３−１",1
"ルーフマネジメント株式会社","北海道札幌市中央区宮の森１条１０丁目７−１２",1
"ルーフマネジメント株式会社","北海道札幌市中央区宮の森１条１０丁目７−１２",1
"札幌・明日佳病院","北海道札幌市中央区宮の森１条１７丁目１−２５",1
"明日佳病院","北海道札幌市中央区宮の森１条１７丁目１−２５",1
"あみたに動物病院","北海道札幌市中央区宮の森４条５丁目３−２５",1
"サイ便利サービス","北海道札幌市中央区宮の森３条６丁目５−１５",1
"サイ便利サービス","北海道札幌市中央区宮の森３条６丁目５−１５",1
"有限会社Ｋ・Ｔリアライズ","北海道札幌市中央区宮の森３条４丁目５−５",1
"カフェ・ヒュッゲ（ｃａｆｅｈｙｇｇｅ）","北海道札幌市中央区宮の森２条１４丁目１−１４",1
"北海道森林管理局販売第二課","北海道札幌市中央区宮の森３条７丁目７０",1
"林野労組札幌支部","北海道札幌市中央区宮の森３条７丁目７０",1
"北海道森林管理局林野労組札幌支部","北海道札幌市中央区宮の森３条７丁目７０",1
"角口書店","北海道札幌市中央区宮の森４条１１丁目１２−３",1
"ヘアーサロンあきえ","北海道札幌市中央区宮の森２条１６丁目６−１３",1
"株式会社フォレスタ","北海道札幌市中央区宮の森３条１０丁目３−１５",1
"かんてんぱぱショップ札幌店","北海道札幌市中央区宮の森２条１１丁目６−２８",1
"カフェボーネ","北海道札幌市中央区宮の森４条４丁目１−４３",1
"宮の森スポーツ倶楽部テニススクール　宮の沢校","北海道札幌市西区宮の沢１条１丁目６",0
"宮の森スポーツ倶楽部　ゴルフスクール宮の沢校","北海道札幌市西区宮の沢１条１丁目６",0
"宮の森スポーツ倶楽部　ジュニアスクール・宮の沢校","北海道札幌市西区宮の沢１条１丁目６",0
"ライオンズマンションＬＭ宮の森管理員室","北海道札幌市西区山の手１条３丁目１−７",0
"東光ストアストア中央区宮の森店","北海道札幌市中央区北５条西２９丁目１−１",0
"円山動物病院","北海道札幌市中央区宮の森１条１１丁目１−３７",1
"株式会社コスモトリプル","北海道札幌市中央区宮の森１条１０丁目４−２４",1
"チカラ総合設計株式会社","北海道札幌市中央区宮の森２条４丁目１−１５",1
"有限会社福原商店","北海道札幌市中央区宮の森１条９丁目３−１３",1
"北海道森林管理局森林整備第二課","北海道札幌市中央区宮の森３条７丁目７０",1
"北海道森林管理局案内","北海道札幌市中央区宮の森３条７丁目７０",1
"札幌市役所子ども未来局　子ども育成部宮の森児童会館","北海道札幌市中央区宮の森２条５丁目２−２１",1
"ミヤコスポーツ株式会社札幌営業所","北海道札幌市中央区宮の森１条６丁目３−１",1
"札幌聖心女子学院高等学校","北海道札幌市中央区宮の森２条１６丁目１０−１",1
"鈴木歯科医院","北海道札幌市中央区宮の森１条７丁目２−１",1
"株式会社札幌テレビハウス","北海道札幌市中央区宮の森１条１１丁目２",1
"株式会社まるか","北海道札幌市中央区宮の森１条６丁目３−４１",1
"モスコミュール　大倉山","北海道札幌市中央区宮の森４条１２丁目１０−１７",1
"有限会社エバーウィル","北海道札幌市中央区宮の森２条７丁目２−２８",1
"株式会社札幌コマーシャル・フォト","北海道札幌市中央区宮の森１条１１丁目１−２",1
"星川動物病院","北海道札幌市中央区宮の森２条６丁目２−１０",1
"株式会社北海道福祉事業協力会","北海道札幌市中央区宮の森２条４丁目２−１６",1
"カット・ボックスバンブー","北海道札幌市中央区宮の森３条９丁目４−２４",1
"バンブー・カットボックス","北海道札幌市中央区宮の森３条９丁目４−２４",1
"札幌荒井山簡易郵便局","北海道札幌市中央区宮の森３条１３丁目５−１８",1
"北海道いすゞ自動車株式会社　本社企画営業部","北海道札幌市中央区宮の森２条１丁目２−５５",1
"ネッツトヨタ道都株式会社　本社","北海道札幌市中央区宮の森４条１丁目３−１",1
"スタジオーＳ","北海道札幌市中央区宮の森１条５丁目１−６",1
"ＡＫＡＢＯＵ赤帽サイ・デリバリーサービス","北海道札幌市中央区宮の森３条６丁目５−１５",1
"アニマルクリニックホシカワ","北海道札幌市中央区宮の森２条６丁目２−１０",1
"ＢＡＲＮＥＳ","北海道札幌市中央区宮の森４条１０丁目４−１６",1
"株式会社マルゼン松井","北海道札幌市中央区宮の森３条３丁目１−２６",1
"株式会社宥明","北海道札幌市中央区宮の森２条１１丁目６−１",1
"北海道森林管理局国有林野管理課","北海道札幌市中央区宮の森３条７丁目７０",1
"カラダシフォン","北海道札幌市中央区宮の森１条５丁目１−６",1
"大谷商行","北海道札幌市中央区宮の森１条６丁目２−８",1
"青南運送株式会社　札幌連絡所","北海道札幌市中央区宮の森１条１２丁目１−３４",1
"うめつ小児科","北海道札幌市中央区宮の森２条５丁目５−１５",1
"アシスト便利屋","北海道札幌市中央区宮の森４条１１丁目２０−１",1
"鮨　三楽","北海道札幌市中央区宮の森４条１１丁目２０−２",1
"鮨　三楽","北海道札幌市中央区宮の森４条１１丁目２０−２",1
"株式会社さかもと調剤薬局","北海道札幌市中央区宮の森２条７丁目２−２５",1
"スタジオＯＮＥＤＡＹ","北海道札幌市中央区宮の森２条１５丁目１−１５",1
"サツドラ調剤薬局　宮の森３条店","北海道札幌市中央区宮の森３条２丁目５−１",1
"北海道森林管理局　秘書室","北海道札幌市中央区宮の森３条７丁目７０",1
"インテリアハウス窓","北海道札幌市中央区宮の森１条１丁目１−２",1
"株式会社オー・エム・シー","北海道札幌市中央区宮の森１条６丁目５−１",1
"有限会社札幌トータルプランツ","北海道札幌市中央区宮の森１条１０丁目７",1
"ＭＲＴ株式会社","北海道札幌市中央区宮の森２条７丁目３−２０",1
"生駒産業株式会社","北海道札幌市中央区宮の森２条４丁目２−１６",1
"秋山記念生命科学振興財団（公益財団法人）","北海道札幌市中央区宮の森２条１１丁目６−２５",1
"リラックス　ポルトムラタ","北海道札幌市中央区宮の森４条５丁目３−２８",1
"マックスドナ","北海道札幌市中央区宮の森１条１丁目１−１２",1
"クオリティーヘアーピクシー","北海道札幌市中央区宮の森２条６丁目１−１５",1
"上原貢税理士事務所","北海道札幌市中央区宮の森３条９丁目３−７",1
"山の手・カラオケＢＯＸ","北海道札幌市中央区宮の森３条８丁目２−３０",1
"株式会社エム・ビデオ・プランニング","北海道札幌市中央区宮の森４条１２丁目５−６",1
"大倉山月見想珈琲店","北海道札幌市中央区宮の森２条１６丁目３−１１",1
"北海道いすゞ自動車株式会社　札幌支店部品部","北海道札幌市中央区宮の森２条１丁目２−５５",1
"畑幸雄公認会計士事務所","北海道札幌市中央区宮の森１条６丁目５−１",1
"ネッツトヨタ道都株式会社　お客様相談テレフォン","北海道札幌市中央区宮の森４条１丁目３−１",1
"有限会社ハギワラ","北海道札幌市中央区宮の森２条１６丁目１２−２４",1
"ヘアーショップパーツ","北海道札幌市中央区宮の森１条１１丁目２−１０",1
"リード興産株式会社","北海道札幌市中央区宮の森１条９丁目１−３７",1
"株式会社Ｂ‐ＣＯＭＰＡＮＹ’Ｓ","北海道札幌市中央区宮の森４条１３丁目６−３７",1
"菊屋商事株式会社　倉庫","北海道札幌市中央区宮の森４条３丁目２−１３",1
"札幌中央-19","北海道札幌市中央区宮の森3条7-3-22",1
"札幌白洋舍株式会社　宮の森サービス店","北海道札幌市中央区北５条西２８丁目２−２",0
"ふじ井ハイデンス宮の森管理事務所","北海道札幌市中央区北６条西２７丁目１−１５",0
"読売新聞販売店　中央区ＹＣ宮の森","北海道札幌市中央区宮の森２条５丁目２−８",1
"株式会社ヴィーネ（ＶＥＮＥ）","北海道札幌市中央区宮の森２条１１丁目５−１０",1
"北海道ウェルカム情報技術株式会社","北海道札幌市中央区宮の森３条６丁目７−１０",1
"北海道森林管理局職員厚生課","北海道札幌市中央区宮の森３条７丁目７０",1
"山の手・ゴルフィットプラザ","北海道札幌市中央区宮の森３条８丁目２−３０",1
"山の手・ゴルフアカデミー","北海道札幌市中央区宮の森３条８丁目２−３０",1
"北海道札幌西高校","北海道札幌市中央区宮の森４条８丁目１",1
"ヘアーサロンむらかみ","北海道札幌市中央区宮の森３条２丁目４−５",1
"荒島裕雅税理士事務所","北海道札幌市中央区宮の森３条５丁目６−１７",1
"株式会社あすなろサッポロ","北海道札幌市中央区宮の森２条６丁目２−５",1
"佐藤水産株式会社","北海道札幌市中央区宮の森３条１丁目５",1
"佐藤水産株式会社　本社","北海道札幌市中央区宮の森３条１丁目５",1
"ＥＺカンパニー","北海道札幌市中央区宮の森３条８丁目４−３",1
"アンティークギャラリー虎徹","北海道札幌市中央区宮の森３条１０丁目３−３",1
"株式会社オリエンタル","北海道札幌市中央区宮の森２条１０丁目１−６",1
"たらこのリベンジ（合同会社）","北海道札幌市中央区宮の森２条１１丁目１−３５",1
"新野秀行税理士事務所","北海道札幌市中央区宮の森４条１０丁目３−１３",1
"北海道森林管理局販売第一課","北海道札幌市中央区宮の森３条７丁目７０",1
"北海道森林管理局木に関する相談","北海道札幌市中央区宮の森３条７丁目７０",1
"北大学力増進会　札幌西本部","北海道札幌市中央区宮の森１条１丁目１−８",1
"レストランカミエ","北海道札幌市中央区宮の森２条１１丁目２−１",1
"日本ケーブル株式会社","北海道札幌市中央区宮の森４条１丁目３−３５",1
"株式会社筒井不動産鑑定","北海道札幌市中央区宮の森１条１３丁目４−４５",1
"有限会社グループホームさとほろ","北海道札幌市中央区宮の森１条６丁目１−１５",1
"グループホームさとほろ","北海道札幌市中央区宮の森１条６丁目１−１５",1
"札幌中央-15","北海道札幌市中央区宮の森1条14-3-25",1
"札幌中央-9","北海道札幌市中央区宮の森1条11-3-12",1
"西川佳成税理士事務所","北海道札幌市中央区宮の森２条８丁目１−５６",1
"サイクルショップわかさ","北海道札幌市中央区宮の森４条４丁目３−１",1
"わかさ自転車店","北海道札幌市中央区宮の森４条４丁目３−１",1
"株式会社プレイズム","北海道札幌市中央区宮の森２条１５丁目１−１５",1
"有限会社実践会計","北海道札幌市中央区宮の森１条９丁目１−４５",1
"株式会社興和物産","北海道札幌市中央区宮の森４条１１丁目１−１",1
"北海道いすゞ自動車株式会社　本社総務部・開発事業部","北海道札幌市中央区宮の森２条１丁目２−５５",1
"東日本自動車タイヤ株式会社　山の手店","北海道札幌市中央区宮の森３条７丁目１−１２",1
"北海道エネルギー株式会社　琴似ＳＳ","北海道札幌市中央区宮の森２条１丁目１",1
"株式会社ア・ド建築工房","北海道札幌市中央区宮の森２条１５丁目１−２",1
"ＡＫＡＢＯＵ赤帽サイ・デリバリーサービス","北海道札幌市中央区宮の森３条６丁目５−１５",1
"赤帽サイ・デリバリー・サービス","北海道札幌市中央区宮の森３条６丁目５−１５",1
"赤帽サイ・デリバリー・サービス","北海道札幌市中央区宮の森３条６丁目５−１５",1
"すしダイニング・つかさ","北海道札幌市中央区宮の森１条１０丁目３−２４",1
"北海道森林管理局計画課","北海道札幌市中央区宮の森３条７丁目７０",1
"北海道森林管理局計画課","北海道札幌市中央区宮の森３条７丁目７０",1
"うめつ内科糖尿病・内分泌クリニック","北海道札幌市中央区宮の森３条５丁目２−３５",1
"株式会社エスジープランニング","北海道札幌市中央区宮の森２条１１丁目６−３３",1
"カフェ・イドラ","北海道札幌市中央区宮の森２条１６丁目１−２６",1
"石狩森林管理署","北海道札幌市中央区宮の森３条７丁目７０",1
"舗道工業株式会社","北海道札幌市中央区宮の森２条１２丁目２−１１",1
"舗道工業株式会社　車両センター","北海道札幌市中央区宮の森２条１２丁目２−１１",1
"季節料理 都瑠","北海道札幌市中央区宮の森2条16-12-3",1
"株式会社北洋銀行　中央区宮の森支店","北海道札幌市中央区北５条西２７丁目１−７",0
"札幌中央-10","北海道札幌市中央区宮の森4条12-6-21",1
"季節料理 都瑠","北海道札幌市中央区宮の森2条16-12-3",1
"セブン‐イレブン　札幌宮の森１条店","北海道札幌市中央区北４条西２９丁目２",0
"ダイアパレス宮の森第３管理事務所","北海道札幌市西区二十四軒１条７丁目６−３",0
"ロイヤル東日本株式会社ロイヤルホスト　宮の森店","北海道札幌市西区二十四軒１条７丁目１−１３",0
"パーラー太陽宮の森店","北海道札幌市中央区宮の森４条１丁目１−１",1
"暖龍宮の森店","北海道札幌市中央区宮の森２条１１丁目５−２５",1
"宮の森れんげ堂","北海道札幌市中央区宮の森１条１７丁目２−２８",1
"有限会社ガレージ宮の森","北海道札幌市中央区宮の森４条１丁目１−３０",1
"有限会社チェッカーモーターズ・ガレージ宮の森","北海道札幌市中央区宮の森４条１丁目１−３０",1
"宮の森ハイデンス管理人事務所","北海道札幌市中央区宮の森１条４丁目１−２５",1
"アグリフーズ北海道（合同会社）","北海道札幌市中央区宮の森１条１５丁目４−３３",1
"トラットリアデッラアモーレ（ｔｒａｔｔｏｒｉａＤｅｌｌａｍｏｒｅ）","北海道札幌市中央区宮の森１条４丁目１−２１",1
"ココス札幌宮の森店","北海道札幌市中央区宮の森４条１０丁目３−８",1
"ココス 札幌宮の森店","北海道札幌市中央区宮の森四条10-3-8",1
"レストラン・ル・ミュゼ","北海道札幌市中央区宮の森１条１４丁目３−２０",1
"札幌市役所　スポーツ局施設札幌オリンピックミュージアム","北海道札幌市中央区宮の森１２７４",1
"ベビーフェイス・プラネッツ　宮の森店","北海道札幌市中央区北３条西２８丁目１−１",0
"相生坊","北海道札幌市中央区宮の森２条１５丁目７−１５",1
"珈琲堂","北海道札幌市中央区宮の森１条１４丁目３−１３",1
"札幌市役所スポーツ局施設　大倉山ジャンプ競技場","北海道札幌市中央区宮の森１２７４",1
"大倉山ジャンプ競技場総合案内所","北海道札幌市中央区宮の森１２７４",1
"レストランイチロー（ＩＣＨＩＲＯ）","北海道札幌市中央区宮の森３条５丁目６−２３",1
"らむダイニング大倉山","北海道札幌市中央区宮の森１２７４",1
"ラムダイニング大倉山","北海道札幌市中央区宮の森1274 大倉山ジャンプ競技場内 大倉山クリスタルハウス2F",1
